{
  "name": "SCADA AI Assistant",
  "nodes": [
    {
      "parameters": {
        "httpMethod": "POST",
        "path": "scada-ai",
        "responseMode": "responseNode"
      },
      "id": "webhook-trigger",
      "name": "Webhook",
      "type": "n8n-nodes-base.webhook",
      "typeVersion": 1,
      "position": [240, 300]
    },
    {
      "parameters": {
        "jsCode": "// Process SCADA data and generate AI response\nconst input = $input.all()[0].json;\nconst { message, systemData } = input;\n\n// Analyze system data\nlet response = '';\nlet priority = 'normal';\n\n// Check for critical conditions\nif (systemData.battery?.soc < 20) {\n  response += 'CRITICAL: Battery SoC is critically low. Recommend immediate diesel generator start. ';\n  priority = 'critical';\n}\n\nif (systemData.solar?.availability < 30) {\n  response += 'WARNING: Solar availability is low. Consider switching to backup power. ';\n  priority = priority === 'critical' ? 'critical' : 'warning';\n}\n\n// Generate contextual response based on message\nif (message.toLowerCase().includes('maintenance')) {\n  response += `Based on current pump efficiency (${systemData.pump?.efficiency || 'N/A'}%), recommend checking motor bearings and cleaning filters.`;\n} else if (message.toLowerCase().includes('efficiency')) {\n  const efficiency = systemData.pump?.efficiency || 0;\n  if (efficiency < 70) {\n    response += `Pump efficiency is ${efficiency}% - below optimal. Check for blockages and motor condition.`;\n  } else {\n    response += `System efficiency is good at ${efficiency}%. Continue current operation.`;\n  }\n} else if (message.toLowerCase().includes('predict')) {\n  response += 'Based on vibration trends, next maintenance window recommended in 15-20 days. Monitor bearing temperature.';\n} else if (message.toLowerCase().includes('optimize')) {\n  response += 'Recommend switching to solar at 06:30, battery backup at 18:00, and grid power overnight for optimal cost efficiency.';\n} else {\n  // General response\n  response += `Current system status: ${systemData.currentMode || 'Unknown'}. All systems operating within normal parameters.`;\n}\n\nreturn {\n  response: response,\n  priority: priority,\n  timestamp: new Date().toISOString(),\n  systemAnalysis: {\n    batteryHealth: systemData.battery?.soc > 50 ? 'Good' : 'Attention Required',\n    solarStatus: systemData.solar?.availability > 60 ? 'Optimal' : 'Suboptimal',\n    pumpStatus: systemData.pump?.efficiency > 75 ? 'Efficient' : 'Needs Attention'\n  }\n};"
      },
      "id": "ai-processor",
      "name": "AI Response Generator",
      "type": "n8n-nodes-base.code",
      "typeVersion": 2,
      "position": [460, 300]
    },
    {
      "parameters": {
        "respondWith": "json",
        "responseBody": "={{ $json }}"
      },
      "id": "response-node",
      "name": "Respond to Webhook",
      "type": "n8n-nodes-base.respondToWebhook",
      "typeVersion": 1,
      "position": [680, 300]
    }
  ],
  "connections": {
    "Webhook": {
      "main": [
        [
          {
            "node": "AI Response Generator",
            "type": "main",
            "index": 0
          }
        ]
      ]
    },
    "AI Response Generator": {
      "main": [
        [
          {
            "node": "Respond to Webhook",
            "type": "main",
            "index": 0
          }
        ]
      ]
    }
  }
}